GEOID,NAME,median_income,total_population,total_units,pct_owner_occupied,pct_renter_occupied,pct_cost_burdened,pct_minority,median_sale_price,price_yoy_change,days_on_market,sale_count_12mo,price_per_sqft,dist_to_downtown,assessed_value_median,property_age_estimate,affordability_ratio,cost_burden_pct,gentrification_pressure,market_liquidity,owner_stability,foreclosure_rate,price_to_assessed_ratio,pop_per_unit
260650001001,Block Group 1; Census Tract 1; Ingham County; Michigan,51711,745,336,0.7232142857142857,0.2767857142857143,0.075268817204301,0.3986577181208054,80885,0.0742,58,16,106,0.0317,75300,45,1.5641739668542476,7.526881720430099,2.860165408188177,67.77777777777777,72.32142857142857,0.075268817204301,1.0741699867197876,2.2172619047619047
260650001002,Block Group 2; Census Tract 1; Ingham County; Michigan,44250,1030,448,0.8616071428571429,0.1383928571428571,0.3225806451612903,0.3650485436893204,88550,0.0567,59,22,109,0.0264,83800,44,2.001129943502825,32.25806451612903,2.338785584992595,67.22222222222223,86.16071428571429,0.3225806451612903,1.0566825775656326,2.299107142857143
260650004001,Block Group 1; Census Tract 4; Ingham County; Michigan,65192,878,378,0.7275132275132276,0.2724867724867725,0.3106796116504854,0.2107061503416856,98936,0.0848,63,26,112,0.0241,91200,44,1.5176095226408148,31.06796116504854,1.3704044628922982,65.0,72.75132275132276,0.3106796116504854,1.0848245614035088,2.322751322751323
260650004002,Block Group 2; Census Tract 4; Ingham County; Michigan,67609,552,312,0.7916666666666666,0.2083333333333333,0.0,0.2536231884057971,156712,0.0815,58,21,132,0.0191,144900,40,2.3179162537531983,0.0,1.5286640724661262,67.77777777777777,79.16666666666666,0.0,1.0815182884748102,1.7692307692307692
260650004003,Block Group 3; Census Tract 4; Ingham County; Michigan,49651,1078,486,0.7695473251028807,0.2304526748971193,0.3660714285714285,0.1363636363636363,127245,0.0413,63,24,122,0.0171,122200,42,2.5627882620692435,36.60714285714285,0.5671404585827254,65.0,76.95473251028807,0.3660714285714285,1.0412847790507365,2.2181069958847734
260650006001,Block Group 1; Census Tract 6; Ingham County; Michigan,50479,796,464,0.1034482758620689,0.896551724137931,0.0769230769230769,0.428391959798995,112087,0.0757,85,23,117,0.0055,104200,43,2.22046791735177,7.69230769230769,3.2121546937126255,52.77777777777778,10.34482758620689,0.0769230769230769,1.0756909788867561,1.7155172413793103
260650006002,Block Group 2; Census Tract 6; Ingham County; Michigan,31838,989,611,0.2340425531914893,0.7659574468085106,0.2948717948717949,0.2992922143579373,134602,0.0742,68,30,124,0.0098,125300,41,4.2277153087505495,29.48717948717949,3.4875749584394353,62.22222222222222,23.40425531914893,0.2948717948717949,1.0742378292098962,1.618657937806874
260650007001,Block Group 1; Census Tract 7; Ingham County; Michigan,45021,853,381,0.3123359580052493,0.6876640419947506,0.2442748091603053,0.3083235638921453,217410,0.0637,62,19,152,0.0127,204400,36,4.82907976277737,24.427480916030532,2.1812277625918637,65.55555555555556,31.23359580052493,0.24427480916030533,1.0636497064579256,2.2388451443569553
260650007002,Block Group 2; Census Tract 7; Ingham County; Michigan,30652,1732,572,0.0541958041958041,0.9458041958041958,0.2476894639556377,0.812933025404157,81756,0.0857,59,40,107,0.0108,75300,45,2.667232154508678,24.76894639556377,11.36440693545874,67.22222222222223,5.41958041958041,0.2476894639556377,1.0857370517928286,3.027972027972028
260650007003,Block Group 3; Census Tract 7; Ingham County; Michigan,61635,607,325,0.2369230769230769,0.7630769230769231,0.3064516129032258,0.6952224052718287,102991,0.0585,80,16,114,0.0143,97300,43,1.6709823963657013,30.64516129032258,3.299303213142044,55.55555555555556,23.69230769230769,0.3064516129032258,1.0584892086330935,1.8676923076923078
260650008001,Block Group 1; Census Tract 8; Ingham County; Michigan,47409,1076,322,0.5248447204968945,0.4751552795031056,0.0457516339869281,0.3912639405204461,76412,0.0628,73,16,105,0.0295,71900,45,1.611761479887785,4.57516339869281,2.5914252003505673,59.44444444444444,52.484472049689444,0.0457516339869281,1.0627538247566064,3.341614906832298
260650008002,Block Group 2; Census Tract 8; Ingham County; Michigan,-666666666,202,127,0.7637795275590551,0.2362204724409448,0.6333333333333333,0.2128712871287128,54625,-0.05,180,6,98,0.024,57500,46,0.0,63.33333333333333,0.0,0.0,76.37795275590551,0.6333333333333333,0.95,1.5905511811023623
260650008003,Block Group 3; Census Tract 8; Ingham County; Michigan,47630,405,287,0.1010452961672473,0.8989547038327527,0.2829457364341085,0.1506172839506172,-701995653,0.053,49,14,60,0.0187,-666666666,100,0.0,28.294573643410846,0.8379924469223924,72.77777777777777,10.104529616724731,0.2829457364341085,1.0529934805529935,1.411149825783972
260650008004,Block Group 4; Census Tract 8; Ingham County; Michigan,62699,1066,358,0.2625698324022346,0.7374301675977654,0.4507575757575757,0.4878048780487805,125419,0.0973,68,25,121,0.0243,114300,42,2.000334933571508,45.07575757575757,3.785021661760662,62.22222222222222,26.25698324022346,0.4507575757575757,1.0972790901137357,2.977653631284916
260650010001,Block Group 1; Census Tract 10; Ingham County; Michigan,54811,1203,698,0.7793696275071633,0.2206303724928366,0.0454545454545454,0.1753948462177889,111940,0.0764,49,34,117,0.0397,104000,43,2.0422907810476,4.54545454545454,1.2223975343488598,72.77777777777777,77.93696275071633,0.04545454545454539,1.0763461538461538,1.7234957020057307
260650010002,Block Group 2; Census Tract 10; Ingham County; Michigan,-666666666,917,447,0.3042505592841163,0.6957494407158836,0.3762057877813505,0.2344601962922573,125305,-0.05,180,22,121,0.0411,131900,41,0.0,37.62057877813505,0.0,0.0,30.42505592841163,0.3762057877813505,0.95,2.0514541387024607
260650012001,Block Group 1; Census Tract 12; Ingham County; Michigan,44457,607,206,0.6650485436893204,0.3349514563106796,0.3768115942028985,0.5074135090609555,73558,0.1028,50,14,104,0.0391,66700,45,1.65458757900893,37.68115942028985,5.866579923461573,72.22222222222223,66.50485436893204,0.3768115942028985,1.1028185907046477,2.9466019417475726
260650012002,Block Group 2; Census Tract 12; Ingham County; Michigan,53368,630,315,0.3555555555555555,0.6444444444444445,0.1182266009852216,0.3253968253968253,94750,0.0743,54,15,111,0.0297,88200,44,1.7754084844850846,11.82266009852216,2.265119933947695,70.0,35.55555555555555,0.1182266009852216,1.0742630385487528,2.0
260650012003,Block Group 3; Census Tract 12; Ingham County; Michigan,32391,919,272,0.4411764705882353,0.5588235294117647,0.4407894736842105,0.5408052230685527,132679,0.0572,69,13,124,0.02,125500,41,4.096168688833318,44.07894736842105,4.775100916847459,61.666666666666664,44.11764705882353,0.44078947368421045,1.057203187250996,3.3786764705882355
260650017031,Block Group 1; Census Tract 17.03; Ingham County; Michigan,87800,1248,632,0.930379746835443,0.0696202531645569,0.0,0.3549679487179487,197933,0.0757,56,31,145,0.0358,184000,38,2.2543621867881547,0.0,1.5302433780153026,68.88888888888889,93.0379746835443,0.0,1.0757228260869565,1.9746835443037976
260650017032,Block Group 2; Census Tract 17.03; Ingham County; Michigan,42717,1734,1040,0.5182692307692308,0.4817307692307692,0.4311377245508982,0.4071510957324106,271719,0.0761,66,52,170,0.048,252500,33,6.360910176276424,43.11377245508982,3.6266823963804162,63.333333333333336,51.82692307692308,0.4311377245508982,1.0761148514851484,1.6673076923076924
260650017033,Block Group 3; Census Tract 17.03; Ingham County; Michigan,55160,1141,547,0.7038391224862889,0.2961608775137112,0.0493827160493827,0.5451358457493427,157732,0.0672,65,27,132,0.0524,147800,40,2.8595358955765047,4.9382716049382696,3.3206244411127472,63.88888888888889,70.38391224862889,0.04938271604938269,1.0671989174560217,2.0859232175502744
260650020001,Block Group 1; Census Tract 20; Ingham County; Michigan,41726,1036,317,0.1482649842271293,0.8517350157728707,0.1518518518518518,0.6361003861003861,-695201347,0.0428,54,15,60,0.0207,-666666666,100,0.0,15.18518518518518,3.262365973864799,70.0,14.82649842271293,0.1518518518518518,1.042802021542802,3.2681388012618298
260650020002,Block Group 2; Census Tract 20; Ingham County; Michigan,40993,764,313,0.4057507987220447,0.5942492012779552,0.0698924731182795,0.2801047120418848,58280,0.0482,58,15,99,0.0216,55600,46,1.421706144951577,6.989247311827949,1.6467503135192407,67.77777777777777,40.57507987220447,0.0698924731182795,1.048201438848921,2.440894568690096
260650020003,Block Group 3; Census Tract 20; Ingham County; Michigan,34861,703,279,0.6164874551971327,0.3835125448028674,0.3364485981308411,0.2147937411095305,65514,0.0974,56,19,101,0.0189,59700,46,1.8792920455523365,33.64485981308411,3.000618224386603,68.88888888888889,61.648745519713266,0.3364485981308411,1.097386934673367,2.5197132616487457
260650020004,Block Group 4; Census Tract 20; Ingham County; Michigan,63281,494,295,0.3050847457627119,0.6949152542372882,0.1073170731707317,0.2530364372469635,-713039814,0.0696,36,14,60,0.0137,-666666666,100,0.0,10.731707317073171,1.3915184678172485,80.0,30.508474576271187,0.10731707317073172,1.0695597220695596,1.6745762711864407
260650021011,Block Group 1; Census Tract 21.01; Ingham County; Michigan,32813,1017,309,0.5598705501618123,0.4401294498381877,0.4338235294117647,0.7502458210422812,58228,0.0665,67,15,99,0.0284,54600,46,1.7745405784292811,43.38235294117647,7.602375140845353,62.77777777777778,55.98705501618123,0.4338235294117647,1.0664468864468863,3.29126213592233
260650021012,Block Group 2; Census Tract 21.01; Ingham County; Michigan,50000,1156,374,0.6925133689839572,0.3074866310160428,0.0608695652173913,0.5795847750865052,88957,0.0783,69,18,109,0.0219,82500,44,1.77914,6.08695652173913,4.5381487889273355,61.666666666666664,69.25133689839572,0.0608695652173913,1.0782666666666667,3.090909090909091
260650022001,Block Group 1; Census Tract 22; Ingham County; Michigan,87992,544,273,0.912087912087912,0.0879120879120879,0.0,0.150735294117647,168643,0.0845,52,19,136,0.0284,155500,39,1.9165719610873715,0.0,0.7237664988260963,71.11111111111111,91.2087912087912,0.0,1.0845209003215435,1.9926739926739927
260650022002,Block Group 2; Census Tract 22; Ingham County; Michigan,55313,1022,492,0.7967479674796748,0.2032520325203252,0.04,0.1409001956947162,125172,0.0635,72,24,121,0.0328,117700,42,2.2629761538878745,4.0,0.808775733246658,60.0,79.67479674796748,0.04,1.063483432455395,2.0772357723577235
260650023001,Block Group 1; Census Tract 23; Ingham County; Michigan,35650,472,265,0.9622641509433962,0.0377358490566037,0.0,0.4639830508474576,103027,0.0545,65,13,114,0.0303,97700,43,2.889957924263675,0.0,3.5465745120878593,63.88888888888889,96.22641509433963,0.0,1.0545240532241555,1.7811320754716982
260650023002,Block Group 2; Census Tract 23; Ingham County; Michigan,46910,1090,481,0.632016632016632,0.367983367983368,0.0734463276836158,0.056880733944954,97219,0.0766,57,24,112,0.0345,90300,44,2.07245789810275,7.3446327683615795,0.4644067597722742,68.33333333333334,63.20166320166321,0.0734463276836158,1.0766223698781838,2.266112266112266
260650023003,Block Group 3; Census Tract 23; Ingham County; Michigan,52353,789,374,0.6470588235294118,0.3529411764705882,0.5606060606060606,0.2256020278833966,110615,0.0565,55,18,116,0.0247,104700,43,2.1128684125074018,56.060606060606055,1.2173623837613803,69.44444444444444,64.70588235294117,0.5606060606060606,1.056494746895893,2.109625668449198
260650023004,Block Group 4; Census Tract 23; Ingham County; Michigan,57049,820,445,0.7258426966292135,0.2741573033707865,0.360655737704918,0.3463414634146341,108522,0.0639,54,22,116,0.0258,102000,43,1.9022594611649635,36.065573770491795,1.939667611368746,70.0,72.58426966292136,0.36065573770491793,1.0639411764705882,1.8426966292134832
260650026001,Block Group 1; Census Tract 26; Ingham County; Michigan,49375,895,397,0.5717884130982368,0.4282115869017632,0.2529411764705882,0.5486033519553073,89538,0.0762,56,19,109,0.0317,83200,44,1.8134278481012658,25.294117647058822,4.2332734601513335,68.88888888888889,57.17884130982368,0.2529411764705882,1.0761778846153847,2.2544080604534007
260650026002,Block Group 2; Census Tract 26; Ingham County; Michigan,58019,1071,402,0.6766169154228856,0.3233830845771144,0.0692307692307692,0.4761904761904761,116158,0.0795,57,20,118,0.0316,107600,43,2.002068287974629,6.923076923076921,3.2624780552183643,68.33333333333334,67.66169154228857,0.0692307692307692,1.0795353159851302,2.6641791044776117
260650027001,Block Group 1; Census Tract 27; Ingham County; Michigan,46814,874,288,0.8333333333333334,0.1666666666666666,0.0,0.4279176201372997,101528,0.0424,48,14,113,0.039,97400,43,2.168752937155552,0.0,1.937850546185063,73.33333333333333,83.33333333333334,0.0,1.042381930184805,3.0347222222222223
260650027002,Block Group 2; Census Tract 27; Ingham County; Michigan,71327,1378,640,0.86875,0.13125,0.0714285714285714,0.2844702467343977,92536,0.0588,58,32,110,0.0463,87400,44,1.2973488300363116,7.14285714285714,1.1725468972466657,67.77777777777777,86.875,0.0714285714285714,1.0587643020594966,2.153125
260650027003,Block Group 3; Census Tract 27; Ingham County; Michigan,56406,748,344,0.8401162790697675,0.1598837209302325,0.0,0.6657754010695187,123583,0.0784,76,17,121,0.0404,114600,42,2.1909548629578413,0.0,4.626882906415121,57.77777777777778,84.01162790697676,0.0,1.0783856893542758,2.1744186046511627
260650028001,Block Group 1; Census Tract 28; Ingham County; Michigan,58977,556,283,0.8833922261484098,0.1166077738515901,0.6666666666666666,0.0953237410071942,99209,0.0645,47,14,113,0.0416,93200,43,1.68216423351476,66.66666666666666,0.521252462397547,73.88888888888889,88.33922261484098,0.6666666666666665,1.0644742489270387,1.9646643109540636
260650028002,Block Group 2; Census Tract 28; Ingham County; Michigan,38816,696,360,0.6138888888888889,0.3861111111111111,0.6474820143884892,0.0459770114942529,94731,0.0864,51,25,111,0.0446,87200,44,2.4405142209398187,64.74820143884892,0.5116979844784948,71.66666666666667,61.38888888888889,0.6474820143884892,1.0863646788990826,1.9333333333333333
260650028003,Block Group 3; Census Tract 28; Ingham County; Michigan,74821,1028,462,0.8874458874458875,0.1125541125541125,0.0,0.1118677042801556,141089,0.0746,56,23,127,0.0502,131300,41,1.8856871733871508,0.0,0.5576863941473388,68.88888888888889,88.74458874458875,0.0,1.0745544554455446,2.225108225108225
260650029011,Block Group 1; Census Tract 29.01; Ingham County; Michigan,72009,1406,629,0.794912559618442,0.205087440381558,0.0,0.3271692745376956,152829,0.0901,59,44,130,0.0496,140200,40,2.1223597050368705,0.0,2.0468241216963414,67.22222222222223,79.4912559618442,0.0,1.0900784593437947,2.235294117647059
260650029012,Block Group 2; Census Tract 29.01; Ingham County; Michigan,51734,2007,969,0.3973168214654283,0.6026831785345718,0.5513698630136986,0.2296960637767813,160766,0.0487,51,48,133,0.051,153300,40,3.1075501604360767,55.13698630136986,1.0811263681456345,71.66666666666667,39.73168214654283,0.5513698630136986,1.0487018917155904,2.071207430340557
260650029021,Block Group 1; Census Tract 29.02; Ingham County; Michigan,50058,1384,726,0.1115702479338843,0.8884297520661157,0.2604651162790697,0.559971098265896,98792,0.0532,59,36,112,0.0663,93800,43,1.9735506812097967,26.04651162790697,2.975594553092978,67.22222222222223,11.15702479338843,0.2604651162790697,1.0532196162046907,1.90633608815427
260650029022,Block Group 2; Census Tract 29.02; Ingham County; Michigan,38036,684,234,0.0,1.0,0.4273504273504273,0.52046783625731,-695560199,0.0433,52,11,60,0.0679,-666666666,100,0.0,42.735042735042725,2.962490444571132,71.11111111111111,0.0,0.4273504273504273,1.0433402995433403,2.923076923076923
260650029023,Block Group 3; Census Tract 29.02; Ingham County; Michigan,40986,1692,1195,0.0,1.0,0.0142259414225941,0.4148936170212766,-724580520,0.0869,68,83,60,0.0656,-666666666,100,0.0,1.42259414225941,4.398362284578751,62.22222222222222,0.0,0.0142259414225941,1.0868707810868707,1.4158995815899582
260650031031,Block Group 1; Census Tract 31.03; Ingham County; Michigan,73639,1189,711,0.3066104078762307,0.6933895921237694,0.178498985801217,0.4516400336417157,205148,0.0713,50,35,148,0.0458,191500,37,2.7858607531335298,17.8498985801217,2.18647282001754,72.22222222222223,30.66104078762307,0.178498985801217,1.0712689295039164,1.6722925457102673
260650031032,Block Group 2; Census Tract 31.03; Ingham County; Michigan,149375,1358,534,0.9550561797752808,0.0449438202247191,0.0,0.1811487481590574,229215,0.0701,40,26,156,0.0417,214200,36,1.5344937238493723,0.0,0.4250553053037631,77.77777777777777,95.50561797752808,0.0,1.0700980392156862,2.5430711610486894
260650031033,Block Group 3; Census Tract 31.03; Ingham County; Michigan,-666666666,754,324,0.7006172839506173,0.2993827160493827,0.0,0.2838196286472149,178980,-0.05,180,16,139,0.047,188400,37,0.0,0.0,0.0,0.0,70.06172839506173,0.0,0.95,2.3271604938271606
260650031034,Block Group 4; Census Tract 31.03; Ingham County; Michigan,-666666666,1121,404,0.5717821782178217,0.4282178217821782,0.0924855491329479,0.2194469223907226,-633333332,-0.05,180,20,60,0.029,-666666666,100,0.94999999895,9.24855491329479,0.0,0.0,57.17821782178218,0.09248554913294789,0.94999999895,2.7747524752475248
260650031035,Block Group 5; Census Tract 31.03; Ingham County; Michigan,57788,571,349,0.2263610315186246,0.7736389684813754,0.1074074074074074,0.4658493870402802,144970,0.0621,53,17,128,0.0361,136500,41,2.50865231535959,10.74074074074074,2.5030496759882155,70.55555555555556,22.63610315186246,0.10740740740740741,1.062051282051282,1.6361031518624642
260650031036,Block Group 6; Census Tract 31.03; Ingham County; Michigan,45708,656,378,0.1772486772486772,0.8227513227513228,0.0868167202572347,0.5487804878048781,170819,0.0512,68,18,136,0.0429,162500,39,3.7371794871794872,8.68167202572347,3.0735933507930513,62.22222222222222,17.72486772486772,0.0868167202572347,1.0511938461538461,1.7354497354497354
260650032001,Block Group 1; Census Tract 32; Ingham County; Michigan,57188,1167,401,0.6384039900249376,0.3615960099750623,0.1793103448275862,0.2245072836332476,87697,0.0721,51,20,109,0.0376,81800,44,1.5334860460236412,17.93103448275862,1.4152422842167196,71.66666666666667,63.84039900249376,0.1793103448275862,1.0720904645476772,2.910224438902743
260650032002,Block Group 2; Census Tract 32; Ingham County; Michigan,31360,830,343,0.5160349854227405,0.4839650145772595,0.216867469879518,0.4036144578313253,95857,0.0698,61,17,111,0.0345,89600,44,3.0566645408163264,21.6867469879518,4.491755286451931,66.11111111111111,51.60349854227405,0.216867469879518,1.0698325892857143,2.4198250728862973
260650033011,Block Group 1; Census Tract 33.01; Ingham County; Michigan,51250,1359,502,0.6653386454183267,0.3346613545816733,0.0,0.3944076526857983,145420,0.0942,54,35,128,0.0479,132900,41,2.837463414634146,0.0,3.624702525170946,70.0,66.53386454183267,0.0,1.0942061700526713,2.7071713147410357
260650033012,Block Group 2; Census Tract 33.01; Ingham County; Michigan,14219,1048,393,0.2671755725190839,0.732824427480916,0.6666666666666666,0.732824427480916,123248,0.0471,71,19,121,0.0556,117700,42,8.667838807229764,66.66666666666666,8.629007633587786,60.55555555555556,26.717557251908392,0.6666666666666665,1.0471367884451996,2.6666666666666665
260650033013,Block Group 3; Census Tract 33.01; Ingham County; Michigan,70208,741,325,0.7876923076923077,0.2123076923076923,0.0,0.1470985155195681,119751,0.0926,64,22,119,0.0424,109600,42,1.705660323609845,0.0,0.9700691186981545,64.44444444444444,78.76923076923077,0.0,1.0926186131386861,2.28
260650033021,Block Group 1; Census Tract 33.02; Ingham County; Michigan,85982,1031,469,0.9594882729211088,0.0405117270788912,0.0,0.3016488845780795,156310,0.0817,50,32,132,0.0378,144500,40,1.8179386383196483,0.0,1.4331321596397557,72.22222222222223,95.94882729211088,0.0,1.0817301038062284,2.1982942430703623
260650033022,Block Group 2; Census Tract 33.02; Ingham County; Michigan,80833,948,410,0.9585365853658536,0.0414634146341463,0.0,0.270042194092827,197391,0.0798,52,20,145,0.0476,182800,38,2.441960585404476,0.0,1.332956038289287,71.11111111111111,95.85365853658536,0.0,1.0798194748358863,2.3121951219512193
260650034001,Block Group 1; Census Tract 34; Ingham County; Michigan,75972,933,369,0.6287262872628726,0.3712737127371274,0.5693430656934306,0.5305466237942122,189902,0.0639,49,18,143,0.0395,178500,38,2.4996314431632705,56.934306569343065,2.2312121084379877,72.77777777777777,62.87262872628726,0.5693430656934306,1.0638767507002802,2.5284552845528454
260650034002,Block Group 2; Census Tract 34; Ingham County; Michigan,61944,866,362,0.643646408839779,0.356353591160221,0.4263565891472868,0.2909930715935335,157811,0.1106,63,25,132,0.0388,142100,40,2.547639803693659,42.63565891472868,2.597816876391968,65.0,64.3646408839779,0.4263565891472868,1.1105629838142153,2.3922651933701657
260650034003,Block Group 3; Census Tract 34; Ingham County; Michigan,59635,679,359,0.8161559888579387,0.1838440111420612,0.0,0.2253313696612665,158509,0.0574,64,17,132,0.0457,149900,40,2.657986081998826,0.0,1.084432012958556,64.44444444444444,81.61559888579387,0.0,1.0574316210807204,1.8913649025069639
260650035001,Block Group 1; Census Tract 35; Ingham County; Michigan,50491,605,283,0.8056537102473498,0.1943462897526501,0.3090909090909091,0.3289256198347107,97447,0.0912,68,19,112,0.0335,89300,44,1.9299875225287675,30.909090909090907,2.9706300656478994,62.22222222222222,80.56537102473497,0.3090909090909091,1.0912318029115342,2.137809187279152
260650035002,Block Group 2; Census Tract 35; Ingham County; Michigan,55660,851,377,0.7082228116710876,0.2917771883289125,0.0,0.0376028202115158,-704244608,0.0564,58,18,60,0.0412,-666666666,100,0.0,0.0,0.1905137495445105,67.77777777777777,70.82228116710876,0.0,1.0563669130563669,2.2572944297082227
260650035003,Block Group 3; Census Tract 35; Ingham County; Michigan,60313,1560,732,0.3551912568306011,0.644808743169399,0.0677966101694915,0.3647435897435898,132973,0.0776,60,36,124,0.0419,123400,41,2.2047154013230976,6.77966101694915,2.3464346462705024,66.66666666666667,35.51912568306011,0.0677966101694915,1.0775769854132902,2.1311475409836067
260650036011,Block Group 1; Census Tract 36.01; Ingham County; Michigan,42969,932,418,0.7631578947368421,0.2368421052631578,0.5656565656565656,0.6899141630901288,107240,0.08,79,20,115,0.0557,99300,43,2.4957527519839884,56.56565656565656,6.42243629677329,56.111111111111114,76.31578947368422,0.5656565656565656,1.0799597180261833,2.229665071770335
260650036012,Block Group 2; Census Tract 36.01; Ingham County; Michigan,71471,1294,468,0.9145299145299144,0.0854700854700854,0.0,0.6823802163833076,104960,0.0699,65,23,114,0.0589,98100,43,1.4685676708035427,0.0,3.3369042776226165,63.88888888888889,91.45299145299144,0.0,1.0699286442405709,2.764957264957265
260650036013,Block Group 3; Census Tract 36.01; Ingham County; Michigan,64531,1636,528,0.8011363636363636,0.1988636363636363,0.3619047619047619,0.6821515892420538,123033,0.085,58,36,121,0.0622,113400,42,1.9065720351458988,36.19047619047619,4.492638041063564,67.77777777777777,80.11363636363636,0.3619047619047619,1.0849470899470899,3.0984848484848486
260650036021,Block Group 1; Census Tract 36.02; Ingham County; Michigan,44766,1283,462,0.6645021645021645,0.3354978354978355,0.7290322580645161,0.5229929851909587,118696,0.087,69,32,119,0.0443,109200,42,2.651476567037484,72.90322580645162,5.082025388868048,61.666666666666664,66.45021645021644,0.7290322580645161,1.086959706959707,2.777056277056277
260650036022,Block Group 2; Census Tract 36.02; Ingham County; Michigan,45156,1270,517,0.4410058027079304,0.5589941972920697,0.3391003460207612,0.6811023622047244,101502,0.0867,82,36,113,0.0496,93400,43,2.2478076003188945,33.910034602076124,6.538618877131457,54.44444444444444,44.10058027079304,0.3391003460207612,1.086745182012848,2.4564796905222437
260650036023,Block Group 3; Census Tract 36.02; Ingham County; Michigan,47738,1086,350,0.5885714285714285,0.4114285714285714,0.375,0.4465930018416206,110967,0.0954,56,24,116,0.0552,101300,43,2.3245003980057817,37.5,4.462375086481482,68.88888888888889,58.857142857142854,0.375,1.0954294175715695,3.1028571428571428
260650037001,Block Group 1; Census Tract 37; Ingham County; Michigan,32326,856,400,0.3225,0.6775,0.033210332103321,0.5782710280373832,117229,0.0745,64,20,119,0.0377,109100,42,3.626461671719359,3.3210332103321,6.663551257313779,64.44444444444444,32.25,0.033210332103321,1.0745096241979835,2.14
260650037002,Block Group 2; Census Tract 37; Ingham County; Michigan,-666666666,736,363,0.859504132231405,0.140495867768595,0.6666666666666666,0.2201086956521739,69445,-0.05,180,18,103,0.0472,73100,45,0.0,66.66666666666666,0.0,0.0,85.9504132231405,0.6666666666666665,0.95,2.0275482093663912
260650037003,Block Group 3; Census Tract 37; Ingham County; Michigan,38333,892,460,0.6413043478260869,0.358695652173913,0.6121212121212121,0.5246636771300448,105515,0.0701,69,23,115,0.0494,98600,43,2.752589152949156,61.212121212121204,4.797292641694641,61.666666666666664,64.13043478260869,0.6121212121212121,1.070131845841785,1.9391304347826086
260650037004,Block Group 4; Census Tract 37; Ingham County; Michigan,33111,1241,624,0.3605769230769231,0.6394230769230769,0.0,0.7389202256244964,119869,0.0987,74,43,119,0.0428,109100,42,3.620216846365256,0.0,11.013171796251669,58.88888888888889,36.05769230769231,0.0,1.0987076076993585,1.9887820512820513
260650037005,Block Group 5; Census Tract 37; Ingham County; Michigan,107708,669,321,0.7881619937694704,0.2118380062305296,0.6176470588235294,0.3587443946188341,182765,0.1206,49,22,140,0.0367,163100,39,1.696856315222639,61.76470588235294,2.008419708426087,72.77777777777777,78.81619937694704,0.6176470588235294,1.120570202329859,2.0841121495327104
260650038011,Block Group 1; Census Tract 38.01; Ingham County; Michigan,107589,1259,513,0.7037037037037037,0.2962962962962963,0.6052631578947368,0.272438443208896,239126,0.0929,60,35,159,0.0612,218800,35,2.222587811021573,60.526315789473685,1.176213710235546,66.66666666666667,70.37037037037037,0.6052631578947368,1.0928976234003656,2.4541910331384016
260650038012,Block Group 2; Census Tract 38.01; Ingham County; Michigan,113750,1477,604,0.9817880794701986,0.0182119205298013,0.0,0.3419092755585646,205465,0.0774,46,30,148,0.0587,190700,37,1.8062857142857143,0.0,1.163242985856391,74.44444444444444,98.17880794701986,0.0,1.0774252753015208,2.4453642384105962
260650038013,Block Group 3; Census Tract 38.01; Ingham County; Michigan,51375,1166,662,0.2175226586102719,0.7824773413897281,0.2664092664092664,0.3276157804459692,252792,0.0762,71,33,164,0.0529,234900,34,4.920525547445256,26.640926640926637,2.4296177586358008,60.55555555555556,21.75226586102719,0.2664092664092664,1.076168582375479,1.7613293051359518
260650038021,Block Group 1; Census Tract 38.02; Ingham County; Michigan,33278,1576,1011,0.1760633036597428,0.8239366963402571,0.4177671068427371,0.3369289340101523,266161,0.0491,65,50,168,0.0674,253700,33,7.998106857383256,41.77671068427371,2.485607707779686,63.88888888888889,17.60633036597428,0.4177671068427371,1.049117067402444,1.5588526211671612
260650038022,Block Group 2; Census Tract 38.02; Ingham County; Michigan,38188,1088,623,0.5585874799357945,0.4414125200642054,0.2727272727272727,0.2931985294117647,127297,0.0715,69,31,122,0.0683,118800,42,3.333429349533885,27.27272727272727,2.7448013581414554,61.666666666666664,55.85874799357945,0.2727272727272727,1.071523569023569,1.7463884430176566
260650038023,Block Group 3; Census Tract 38.02; Ingham County; Michigan,68229,868,387,0.5581395348837209,0.4418604651162791,0.4502923976608187,0.1025345622119815,220554,0.0533,64,19,153,0.069,209400,36,3.232555071890252,45.02923976608187,0.40049628207203786,64.44444444444444,55.81395348837209,0.45029239766081874,1.0532664756446992,2.242894056847545
260650039011,Block Group 1; Census Tract 39.01; Ingham County; Michigan,111528,2422,905,0.6187845303867403,0.3812154696132597,0.3739130434782609,0.3323699421965318,492250,0.1177,51,63,200,0.0841,440400,21,4.413689835736317,37.391304347826086,1.7538170771703874,71.66666666666667,61.87845303867403,0.3739130434782609,1.1177338782924613,2.676243093922652
260650039021,Block Group 1; Census Tract 39.02; Ingham County; Michigan,65694,1403,643,0.5396578538102644,0.4603421461897356,0.0844594594594594,0.2195295794725588,287950,0.0677,67,32,175,0.0869,269700,32,4.383200901147745,8.44594594594594,1.1311651391521471,62.77777777777778,53.96578538102644,0.0844594594594594,1.067667779013719,2.181959564541213
260650039022,Block Group 2; Census Tract 39.02; Ingham County; Michigan,41345,1261,597,0.271356783919598,0.7286432160804021,0.425287356321839,0.2053925455987312,244116,0.0888,67,41,161,0.102,224200,35,5.904365703228927,42.5287356321839,2.2056908996453424,62.77777777777778,27.1356783919598,0.425287356321839,1.0888314005352364,2.1122278056951425
260650039023,Block Group 3; Census Tract 39.02; Ingham County; Michigan,-666666666,1136,418,0.2679425837320574,0.7320574162679426,0.4901960784313725,0.0818661971830986,257545,-0.05,180,20,165,0.0784,271100,32,0.0,49.019607843137244,0.0,0.0,26.794258373205743,0.4901960784313724,0.95,2.7177033492822966
260650040001,Block Group 1; Census Tract 40; Ingham County; Michigan,161667,684,350,0.8514285714285714,0.1485714285714285,0.3076923076923077,0.0994152046783626,357373,0.0636,47,17,199,0.0654,336000,28,2.2105500813400383,30.76923076923077,0.1955503293048013,73.88888888888889,85.14285714285714,0.3076923076923077,1.063610119047619,1.9542857142857142
260650040002,Block Group 2; Census Tract 40; Ingham County; Michigan,40781,965,575,0.2626086956521739,0.7373913043478261,0.4764150943396226,0.0435233160621761,236741,0.0717,71,28,158,0.0548,220900,35,5.80517888232265,47.641509433962256,0.38260731243201807,60.55555555555556,26.260869565217387,0.47641509433962254,1.0717111815301041,1.6782608695652175
260650040003,Block Group 3; Census Tract 40; Ingham County; Michigan,13850,1416,639,0.0156494522691705,0.9843505477308294,0.5675675675675675,0.2358757062146892,-701318066,0.052,68,31,60,0.0505,-666666666,100,0.0,56.75675675675676,3.0663841807909598,62.22222222222222,1.5649452269170498,0.5675675675675675,1.051977100051977,2.215962441314554
260650040004,Block Group 4; Census Tract 40; Ingham County; Michigan,103214,503,208,0.7644230769230769,0.235576923076923,0.8571428571428571,0.0318091451292246,336483,0.0322,53,10,192,0.0659,326000,28,3.260051930939601,85.71428571428571,0.0496180011026136,70.55555555555556,76.4423076923077,0.8571428571428571,1.0321564417177913,2.418269230769231
260650040005,Block Group 5; Census Tract 40; Ingham County; Michigan,148661,747,233,1.0,0.0,0.0,0.072289156626506,302358,0.0959,67,16,180,0.0592,275900,32,2.0338757306892865,0.0,0.23316573010009098,62.77777777777778,100.0,0.0,1.095897064153679,3.2060085836909873
260650041001,Block Group 1; Census Tract 41; Ingham County; Michigan,69118,1167,158,0.1392405063291139,0.8607594936708861,0.1323529411764706,0.1550985432733505,345358,0.0571,71,7,195,0.0773,326700,28,4.996643421395295,13.23529411764706,0.6406527113710113,60.55555555555556,13.924050632911388,0.1323529411764706,1.0571104989286808,7.386075949367089
260650041002,Block Group 2; Census Tract 41; Ingham County; Michigan,13103,1544,670,0.1044776119402985,0.8955223880597015,0.7666666666666667,0.121761658031088,228268,0.0717,87,33,156,0.0774,213000,36,10.0,76.66666666666667,2.1825777202072527,51.666666666666664,10.44776119402985,0.7666666666666667,1.071680751173709,2.3044776119402983
260650041003,Block Group 3; Census Tract 41; Ingham County; Michigan,26287,585,213,0.0,1.0,0.7605633802816901,0.1504273504273504,-723822669,0.0857,61,14,60,0.0704,-666666666,100,0.0,76.05633802816901,2.452091134709919,66.11111111111111,0.0,0.7605633802816901,1.085734004585734,2.7464788732394365
260650041004,Block Group 4; Census Tract 41; Ingham County; Michigan,35123,1870,696,0.0416666666666666,0.9583333333333334,0.767616191904048,0.0962566844919786,-700088366,0.0501,70,34,60,0.0642,-666666666,100,0.0,76.7616191904048,0.686510248704286,61.11111111111111,4.16666666666666,0.7676161919040481,1.0501325500501326,2.6867816091954024
260650043011,Block Group 1; Census Tract 43.01; Ingham County; Michigan,130409,1143,403,0.8684863523573201,0.1315136476426799,0.0,0.2327209098862642,259765,0.0851,56,28,166,0.1041,239400,34,1.9919254039215084,0.0,0.7593244880077711,68.88888888888889,86.848635235732,0.0,1.0850668337510443,2.836228287841191
260650043012,Block Group 2; Census Tract 43.01; Ingham County; Michigan,49375,584,316,0.490506329113924,0.509493670886076,0.2484472049689441,0.1386986301369863,234860,0.0401,84,15,158,0.0999,225800,35,4.756658227848101,24.84472049689441,0.563221779087914,53.333333333333336,49.0506329113924,0.2484472049689441,1.0401240035429584,1.8481012658227849
260650043013,Block Group 3; Census Tract 43.01; Ingham County; Michigan,40276,1193,389,0.3213367609254499,0.6786632390745502,0.6098484848484849,0.2506286672254819,211229,0.1094,72,27,150,0.0893,190400,37,5.244537689939418,60.984848484848484,3.4038603876337916,60.0,32.13367609254499,0.6098484848484849,1.1093960084033614,3.0668380462724936
260650043014,Block Group 4; Census Tract 43.01; Ingham County; Michigan,74079,1538,556,0.6258992805755396,0.3741007194244604,0.1875,0.1664499349804941,223211,0.0931,58,38,154,0.0932,204200,36,3.013148125649644,18.75,1.0459434486618342,67.77777777777777,62.589928057553955,0.1875,1.093099902056807,2.7661870503597124
260650043021,Block Group 1; Census Tract 43.02; Ingham County; Michigan,17866,947,574,0.0,1.0,0.4912891986062718,0.3706441393875396,-689416298,0.0341,63,28,60,0.087,-666666666,100,0.0,49.12891986062718,3.1597412882787745,65.0,0.0,0.4912891986062718,1.0341244480341245,1.6498257839721255
260650043022,Block Group 2; Census Tract 43.02; Ingham County; Michigan,15757,1278,699,0.0,1.0,0.4964234620886981,0.3857589984350548,-708920598,0.0634,84,34,60,0.1013,-666666666,100,0.0,49.64234620886981,6.114280125195618,53.333333333333336,0.0,0.4964234620886981,1.063380898063381,1.8283261802575108
260650044021,Block Group 1; Census Tract 44.02; Ingham County; Michigan,34702,278,167,0.0,1.0,0.1736526946107784,0.7661870503597122,-695562236,0.0433,74,8,60,0.0582,-666666666,100,0.0,17.36526946107784,4.780113434467111,58.88888888888889,0.0,0.1736526946107784,1.0433433550433433,1.6646706586826348
260650044022,Block Group 2; Census Tract 44.02; Ingham County; Michigan,-666666666,49,26,0.0,1.0,0.5384615384615384,0.7142857142857143,-633333332,-0.05,180,2,60,0.0582,-666666666,100,0.94999999895,53.84615384615385,0.0,0.0,0.0,0.5384615384615384,0.94999999895,1.8846153846153846
260650044023,Block Group 3; Census Tract 44.02; Ingham County; Michigan,-666666666,0,0,0.0,0.0,0.0,0.0,-633333332,-0.05,180,2,60,0.0588,-666666666,100,0.94999999895,0.0,-0.0,0.0,0.0,0.0,0.94999999895,2.5
260650044031,Block Group 1; Census Tract 44.03; Ingham County; Michigan,32361,1817,536,0.2555970149253731,0.7444029850746269,0.506265664160401,0.3296642817831591,185778,0.089,74,37,141,0.0579,170600,38,5.7407991100398625,50.6265664160401,4.5332531563766825,58.88888888888889,25.55970149253731,0.506265664160401,1.088968347010551,3.389925373134328
260650044032,Block Group 2; Census Tract 44.03; Ingham County; Michigan,60703,438,283,0.342756183745583,0.657243816254417,0.1881720430107527,0.5182648401826484,223970,0.0369,76,14,154,0.0575,216000,35,3.6896034792349637,18.817204301075268,1.5752081942193736,57.77777777777778,34.2756183745583,0.1881720430107527,1.036898148148148,1.547703180212014
260650044033,Block Group 3; Census Tract 44.03; Ingham County; Michigan,-666666666,0,0,0.0,0.0,0.0,0.0,-633333332,-0.05,180,2,60,0.0641,-666666666,100,0.94999999895,0.0,-0.0,0.0,0.0,0.0,0.94999999895,2.5
260650044901,Block Group 1; Census Tract 44.90; Ingham County; Michigan,-666666666,2315,0,0.0,0.0,0.0,0.2103671706263499,-633333332,-0.05,180,2,60,0.0668,-666666666,100,0.94999999895,0.0,0.0,0.0,0.0,0.0,0.94999999895,8.0
260650044902,Block Group 2; Census Tract 44.90; Ingham County; Michigan,-666666666,865,0,0.0,0.0,0.0,0.2393063583815029,-633333332,-0.05,180,2,60,0.0679,-666666666,100,0.94999999895,0.0,0.0,0.0,0.0,0.0,0.94999999895,8.0
260650044911,Block Group 1; Census Tract 44.91; Ingham County; Michigan,-666666666,1213,0,0.0,0.0,0.0,0.2407254740313272,-633333332,-0.05,180,2,60,0.082,-666666666,100,0.94999999895,0.0,0.0,0.0,0.0,0.0,0.94999999895,8.0
260650044921,Block Group 1; Census Tract 44.92; Ingham County; Michigan,-666666666,3287,0,0.0,0.0,0.0,0.2053544265287495,-633333332,-0.05,180,2,60,0.0633,-666666666,100,0.94999999895,0.0,0.0,0.0,0.0,0.0,0.94999999895,8.0
260650044931,Block Group 1; Census Tract 44.93; Ingham County; Michigan,-666666666,1416,0,0.0,0.0,0.0,0.28954802259887,-633333332,-0.05,180,2,60,0.0881,-666666666,100,0.94999999895,0.0,0.0,0.0,0.0,0.0,0.94999999895,8.0
260650044941,Block Group 1; Census Tract 44.94; Ingham County; Michigan,-666666666,2918,0,0.0,0.0,0.0,0.2460589444825223,-633333332,-0.05,180,2,60,0.0915,-666666666,100,0.94999999895,0.0,0.0,0.0,0.0,0.0,0.94999999895,8.0
260650045001,Block Group 1; Census Tract 45; Ingham County; Michigan,51488,1619,669,0.452914798206278,0.547085201793722,0.1666666666666666,0.4669549104385423,156130,0.0657,77,33,132,0.0844,146500,40,3.0323570540708515,16.66666666666666,2.9792318225423617,57.22222222222222,45.2914798206278,0.1666666666666666,1.0657337883959044,2.420029895366218
260650045002,Block Group 2; Census Tract 45; Ingham County; Michigan,106452,702,346,0.7890173410404624,0.2109826589595375,0.2328767123287671,0.0883190883190883,318669,0.0777,54,17,186,0.1007,295700,30,2.993546387104047,23.28767123287671,0.32232335523959915,70.0,78.90173410404624,0.2328767123287671,1.077676699357457,2.0289017341040463
260650045003,Block Group 3; Census Tract 45; Ingham County; Michigan,31691,1404,778,0.0861182519280205,0.9138817480719794,0.3333333333333333,0.4166666666666666,99311,0.061,62,38,113,0.0953,93600,43,3.1337288189075765,33.33333333333333,4.010076467556508,65.55555555555556,8.61182519280205,0.33333333333333326,1.0610149572649572,1.8046272493573265
260650046001,Block Group 1; Census Tract 46; Ingham County; Michigan,126875,2720,1158,0.768566493955095,0.231433506044905,0.4552238805970149,0.175,417406,0.1155,40,81,200,0.1158,374200,25,3.2898995073891624,45.52238805970149,0.7965517241379311,77.77777777777777,76.8566493955095,0.4552238805970149,1.115462319615179,2.3488773747841107
260650046002,Block Group 2; Census Tract 46; Ingham County; Michigan,106875,1380,742,0.9716981132075472,0.0283018867924528,0.0,0.1036231884057971,274988,0.078,55,37,171,0.1172,255100,33,2.572987134502924,0.0,0.3781337401474701,69.44444444444444,97.16981132075472,0.0,1.0779615836926695,1.8598382749326146
260650047001,Block Group 1; Census Tract 47; Ingham County; Michigan,49866,1340,638,0.7852664576802508,0.2147335423197492,0.1970802919708029,0.1619402985074627,261007,0.03,63,31,167,0.1561,253400,33,5.234167569085148,19.70802919708029,0.48712639425900217,65.0,78.52664576802508,0.1970802919708029,1.0300197316495658,2.1003134796238245
260650047002,Block Group 2; Census Tract 47; Ingham County; Michigan,58636,1718,928,0.5118534482758621,0.4881465517241379,0.0176600441501103,0.1274738067520372,334542,0.0627,69,46,191,0.158,314800,29,5.705402824203561,1.76600441501103,0.6815444166853754,61.666666666666664,51.185344827586206,0.0176600441501103,1.062712833545108,1.8512931034482758
260650048011,Block Group 1; Census Tract 48.01; Ingham County; Michigan,49097,1084,705,0.1460992907801418,0.8539007092198582,0.2009966777408638,0.1309963099630996,170938,0.0539,75,35,136,0.1435,162200,39,3.4816383893109557,20.09966777408638,0.7190562668809775,58.33333333333333,14.609929078014181,0.2009966777408638,1.0538717632552403,1.5375886524822695
260650048012,Block Group 2; Census Tract 48.01; Ingham County; Michigan,68031,2097,1041,0.3073967339097022,0.6926032660902978,0.233009708737864,0.2074391988555078,206645,0.063,77,52,148,0.1471,194400,37,3.0375123105643014,23.3009708737864,0.9604937108007373,57.22222222222222,30.739673390970218,0.233009708737864,1.062988683127572,2.0144092219020173
260650048013,Block Group 3; Census Tract 48.01; Ingham County; Michigan,73375,1102,525,0.7542857142857143,0.2457142857142857,0.0,0.2513611615245009,150936,0.0629,72,26,130,0.1349,142000,40,2.0570494037478704,0.0,1.0773844674542492,60.0,75.42857142857143,0.0,1.0629295774647887,2.099047619047619
260650048021,Block Group 1; Census Tract 48.02; Ingham County; Michigan,104712,526,217,1.0,0.0,0.0,0.1996197718631178,184585,0.0536,66,10,141,0.1574,175200,38,1.762787455114982,0.0,0.510907048469283,63.333333333333336,100.0,0.0,1.0535673515981736,2.423963133640553
260650048022,Block Group 2; Census Tract 48.02; Ingham County; Michigan,78333,1279,670,0.6507462686567164,0.3492537313432836,0.5170940170940171,0.0891321344800625,260811,0.0707,73,33,166,0.1705,243600,34,3.3295162958140248,51.70940170940172,0.4022341738309793,59.44444444444444,65.07462686567163,0.5170940170940171,1.0706527093596059,1.908955223880597
260650048023,Block Group 3; Census Tract 48.02; Ingham County; Michigan,135979,1284,507,0.9566074950690336,0.0433925049309664,0.0,0.1876947040498442,296105,0.0697,43,25,178,0.1854,276800,32,2.1775788908581473,0.0,0.4810419576653064,76.11111111111111,95.66074950690336,0.0,1.0697434971098265,2.532544378698225
260650049021,Block Group 1; Census Tract 49.02; Ingham County; Michigan,85288,1110,447,0.3087248322147651,0.6912751677852349,0.0,0.2711711711711712,407299,0.0412,71,22,200,0.1337,391200,24,4.775572178970078,0.0,0.6549721093384915,60.55555555555556,30.87248322147651,0.0,1.041152862985685,2.4832214765100673
260650049022,Block Group 2; Census Tract 49.02; Ingham County; Michigan,29063,1876,743,0.1547779273216689,0.845222072678331,0.4410828025477707,0.273454157782516,-717388955,0.0761,90,37,60,0.1022,-666666666,100,0.0,44.10828025477707,3.5801296162215652,50.0,15.47779273216689,0.4410828025477707,1.0760834335760834,2.524899057873486
260650049023,Block Group 3; Census Tract 49.02; Ingham County; Michigan,97321,623,288,0.8333333333333334,0.1666666666666666,1.0,0.1508828250401284,348152,0.0515,78,14,196,0.116,331100,28,3.577357404876645,100.0,0.3992183336364511,56.666666666666664,83.33333333333334,1.0,1.0515010570824523,2.1631944444444446
260650049024,Block Group 4; Census Tract 49.02; Ingham County; Michigan,60260,1330,673,0.3536404160475483,0.6463595839524517,0.5448275862068965,0.4481203007518797,255404,0.0754,73,33,165,0.113,237500,34,4.238367076003983,54.48275862068965,2.80354054735245,59.44444444444444,35.36404160475483,0.5448275862068965,1.0753852631578948,1.9762258543833582
260650049031,Block Group 1; Census Tract 49.03; Ingham County; Michigan,82216,2768,1137,0.3227792436235708,0.6772207563764292,0.2181818181818181,0.5368497109826589,358778,0.0794,80,56,199,0.1401,332400,28,4.3638464532451104,21.81818181818181,2.592309711736348,55.55555555555556,32.27792436235708,0.2181818181818181,1.0793561973525871,2.434476693051891
260650049041,Block Group 1; Census Tract 49.04; Ingham County; Michigan,114107,2154,860,0.6104651162790697,0.3895348837209302,0.1791044776119403,0.3231197771587744,294175,0.0351,56,43,178,0.1393,284200,31,2.578062695540151,17.91044776119403,0.496967941417835,68.88888888888889,61.04651162790697,0.1791044776119403,1.0350985221674878,2.5046511627906978
260650049042,Block Group 2; Census Tract 49.04; Ingham County; Michigan,97548,1080,397,0.7808564231738035,0.2191435768261964,0.0,0.2055555555555556,275194,0.0404,66,19,171,0.1511,264500,32,2.8211137081231805,0.0,0.42565939047671125,63.333333333333336,78.08564231738035,0.0,1.040431001890359,2.720403022670025
260650049043,Block Group 3; Census Tract 49.04; Ingham County; Michigan,108787,1585,539,0.7161410018552876,0.2838589981447124,0.1045751633986928,0.4946372239747634,373339,0.099,71,37,200,0.159,339700,27,3.4318346861297764,10.45751633986928,2.2506864410959757,60.55555555555556,71.61410018552876,0.1045751633986928,1.099025610833088,2.9406307977736548
260650050021,Block Group 1; Census Tract 50.02; Ingham County; Michigan,176579,1667,578,1.0,0.0,0.0,0.3629274145170965,385570,0.0809,48,40,200,0.1648,356700,26,2.1835552359000787,0.0,0.8313793779111079,73.33333333333333,100.0,0.0,1.0809363610877487,2.884083044982699
260650050022,Block Group 2; Census Tract 50.02; Ingham County; Michigan,158056,1099,378,0.955026455026455,0.0449735449735449,0.0,0.1719745222929936,486282,0.0537,57,18,200,0.1805,461500,20,3.0766437212127347,0.0,0.2921442984490863,68.33333333333334,95.5026455026455,0.0,1.0536988082340195,2.9074074074074074
260650050023,Block Group 3; Census Tract 50.02; Ingham County; Michigan,131197,1193,389,0.7583547557840618,0.2416452442159383,0.0638297872340425,0.1994970662196143,311081,0.0753,72,19,183,0.1707,289300,31,2.3710984245066578,6.382978723404251,0.5725027663108515,60.0,75.83547557840618,0.0638297872340425,1.0752886277220879,3.0668380462724936
260650050031,Block Group 1; Census Tract 50.03; Ingham County; Michigan,111538,3970,1614,0.7744733581164808,0.2255266418835192,0.0824175824175824,0.5561712846347607,457687,0.0664,59,80,200,0.1187,429200,22,4.103417669314494,8.241758241758241,1.6554794464553833,67.22222222222223,77.44733581164807,0.0824175824175824,1.0663723205964586,2.459727385377943
260650050041,Block Group 1; Census Tract 50.04; Ingham County; Michigan,74940,2213,983,0.25940996948118,0.7405900305188199,0.1208791208791208,0.5124265702666064,308194,0.058,60,49,182,0.1212,291300,31,4.112543368027755,12.08791208791208,1.982969113655136,66.66666666666667,25.940996948118,0.12087912087912081,1.0579951939581187,2.2512716174974567
260650050042,Block Group 2; Census Tract 50.04; Ingham County; Michigan,86411,888,305,0.9311475409836064,0.0688524590163934,0.0,0.1351351351351351,300943,0.0837,52,21,180,0.1349,277700,31,3.482693175637361,0.0,0.6544774861308632,71.11111111111111,93.11475409836063,0.0,1.0836982355059417,2.911475409836066
260650050043,Block Group 3; Census Tract 50.04; Ingham County; Michigan,204042,1092,428,1.0,0.0,0.0,0.2142857142857143,395585,0.0686,59,21,200,0.1447,370200,25,1.9387430038913558,0.0,0.3602199547152057,67.22222222222223,100.0,0.0,1.0685710426796327,2.5514018691588785
260650051001,Block Group 1; Census Tract 51; Ingham County; Michigan,66630,1321,418,0.8110047846889952,0.1889952153110047,0.3291139240506329,0.1839515518546556,127669,0.0684,66,20,122,0.0595,119500,42,1.9160888488668768,32.91139240506329,0.9441907659356478,63.333333333333336,81.10047846889952,0.3291139240506329,1.0683598326359833,3.160287081339713
260650051002,Block Group 2; Census Tract 51; Ingham County; Michigan,43802,1551,487,0.4579055441478439,0.5420944558521561,0.2803030303030303,0.460348162475822,93906,0.0611,57,24,111,0.0764,88500,44,2.143874708917401,28.030303030303028,3.210729273466135,68.33333333333334,45.79055441478439,0.2803030303030303,1.061084745762712,3.184804928131417
260650051003,Block Group 3; Census Tract 51; Ingham County; Michigan,49286,713,280,0.8071428571428572,0.1928571428571428,0.5370370370370371,0.3338008415147265,103658,0.0588,69,14,114,0.0651,97900,43,2.1031936046747557,53.70370370370371,1.9911830419455745,61.666666666666664,80.71428571428572,0.5370370370370371,1.0588151174668028,2.5464285714285713
260650052011,Block Group 1; Census Tract 52.01; Ingham County; Michigan,27454,1438,644,0.2763975155279503,0.7236024844720497,0.1995708154506437,0.5681502086230876,-718145247,0.0772,105,32,60,0.0694,-666666666,100,0.0,19.95708154506437,7.988124882658696,41.666666666666664,27.639751552795026,0.1995708154506437,1.0772178715772178,2.232919254658385
260650052012,Block Group 2; Census Tract 52.01; Ingham County; Michigan,53272,900,540,0.4425925925925926,0.5574074074074075,0.1162790697674418,0.3744444444444444,68789,0.0518,55,27,102,0.0673,65400,45,1.2912787205286078,11.62790697674418,1.8204893961388926,69.44444444444444,44.25925925925926,0.1162790697674418,1.0518195718654435,1.6666666666666667
260650052013,Block Group 3; Census Tract 52.01; Ingham County; Michigan,93429,1209,353,0.6118980169971672,0.3881019830028329,0.0,0.3573200992555831,135946,0.0696,51,17,125,0.0559,127100,41,1.4550728360573268,0.0,1.3309293103955186,71.66666666666667,61.18980169971672,0.0,1.0695987411487018,3.424929178470255
260650052014,Block Group 4; Census Tract 52.01; Ingham County; Michigan,42708,816,421,0.5415676959619953,0.4584323040380047,0.0984455958549222,0.1348039215686274,84307,0.1064,69,29,108,0.0614,76200,45,1.9740329680621898,9.84455958549222,1.679209662698084,61.666666666666664,54.156769596199524,0.0984455958549222,1.1063910761154856,1.9382422802850356
260650052015,Block Group 5; Census Tract 52.01; Ingham County; Michigan,33472,900,332,0.4849397590361445,0.5150602409638554,0.4678362573099415,0.5577777777777777,75245,0.078,71,16,105,0.067,69800,45,2.247998326959847,46.783625730994146,6.498964308476736,60.55555555555556,48.49397590361445,0.46783625730994144,1.0780085959885386,2.710843373493976
260650052021,Block Group 1; Census Tract 52.02; Ingham County; Michigan,98889,2036,584,0.6575342465753424,0.3424657534246575,0.2,0.2578585461689587,208636,0.0672,48,29,149,0.0896,195500,37,2.109799876629352,20.0,0.876138615141928,73.33333333333333,65.75342465753424,0.2,1.0671918158567775,3.4863013698630136
260650052022,Block Group 2; Census Tract 52.02; Ingham County; Michigan,122800,2254,702,0.9273504273504274,0.0726495726495726,0.0,0.2058562555456965,284571,0.0866,69,49,174,0.0828,261900,32,2.3173534201954396,0.0,0.725861226802008,61.666666666666664,92.73504273504274,0.0,1.0865635738831616,3.2108262108262107
260650053031,Block Group 1; Census Tract 53.03; Ingham County; Michigan,48231,1321,821,0.0353227771010962,0.9646772228989038,0.2323232323232323,0.5813777441332324,-717222332,0.0758,46,41,60,0.0693,-666666666,100,0.0,23.23232323232323,4.568475980728061,74.44444444444444,3.53227771010962,0.2323232323232323,1.0758334990758336,1.6090133982947625
260650053032,Block Group 2; Census Tract 53.03; Ingham County; Michigan,61617,1945,626,0.9760383386581468,0.023961661341853,1.0,0.416452442159383,180478,0.0623,63,31,140,0.0598,169900,38,2.929029326322281,100.0,2.105343261318269,65.0,97.60383386581468,1.0,1.0622601530311948,3.1070287539936103
260650053033,Block Group 3; Census Tract 53.03; Ingham County; Michigan,23865,870,475,0.4926315789473684,0.5073684210526316,0.5435684647302904,0.3781609195402299,140642,0.1005,51,33,126,0.0541,127800,41,5.893232767651372,54.356846473029044,7.962533503832622,71.66666666666667,49.26315789473684,0.5435684647302904,1.1004851330203442,1.831578947368421
260650053034,Block Group 4; Census Tract 53.03; Ingham County; Michigan,80811,503,202,0.9603960396039604,0.0396039603960396,0.0,0.1351888667992047,94402,0.0952,68,14,111,0.0676,86200,44,1.1681825494054028,0.0,0.7963012534979327,62.22222222222222,96.03960396039604,0.0,1.0951508120649651,2.49009900990099
260650053041,Block Group 1; Census Tract 53.04; Ingham County; Michigan,59000,909,372,0.6102150537634409,0.3897849462365591,0.2620689655172414,0.6061606160616062,102040,0.0741,44,18,114,0.0703,95000,43,1.7294915254237289,26.20689655172414,3.8064831906919507,75.55555555555556,61.02150537634409,0.2620689655172414,1.0741052631578947,2.443548387096774
260650053042,Block Group 2; Census Tract 53.04; Ingham County; Michigan,26203,1008,495,0.1232323232323232,0.8767676767676768,0.4400921658986175,0.5902777777777778,85198,0.0467,64,24,108,0.0547,81400,44,3.2514597565164296,44.00921658986175,5.260079422627604,64.44444444444444,12.32323232323232,0.4400921658986175,1.0466584766584766,2.036363636363636
260650053043,Block Group 3; Census Tract 53.04; Ingham County; Michigan,27246,1084,500,0.218,0.782,0.4373401534526854,0.6559040590405905,117009,0.0551,63,25,119,0.0669,110900,42,4.2945386478749175,43.73401534526854,6.6322237490157345,65.0,21.8,0.4373401534526854,1.0550856627592426,2.168
260650053051,Block Group 1; Census Tract 53.05; Ingham County; Michigan,161172,943,317,1.0,0.0,0.0,0.0424178154825026,331981,0.0675,55,15,190,0.0895,311000,29,2.059793264338719,0.0,0.0888244405066924,69.44444444444444,100.0,0.0,1.0674630225080386,2.9747634069400632
260650053052,Block Group 2; Census Tract 53.05; Ingham County; Michigan,98847,2532,1111,0.5904590459045904,0.4095409540954095,0.2175824175824176,0.2164296998420221,290951,0.0492,64,55,176,0.0894,277300,31,2.9434479549202304,21.75824175824176,0.5386274359478531,64.44444444444444,59.045904590459045,0.2175824175824176,1.0492282726289217,2.279027902790279
260650053061,Block Group 1; Census Tract 53.06; Ingham County; Michigan,52350,1762,795,0.2289308176100629,0.7710691823899372,0.1239804241435562,0.2900113507377979,144988,0.0788,63,39,128,0.0756,134400,41,2.7695893027698184,12.39804241435562,2.1827024296216306,65.0,22.89308176100629,0.1239804241435562,1.0787797619047619,2.2163522012578616
260650053062,Block Group 2; Census Tract 53.06; Ingham County; Michigan,64013,1368,570,0.8122807017543859,0.187719298245614,0.3831775700934579,0.1783625730994151,195128,0.0576,82,28,145,0.0797,184500,38,3.0482558230359458,38.31775700934579,0.8024685775175597,54.44444444444444,81.22807017543859,0.3831775700934579,1.0576043360433605,2.4
260650054011,Block Group 1; Census Tract 54.01; Ingham County; Michigan,52426,1742,895,0.4860335195530726,0.5139664804469274,0.217391304347826,0.3386911595866819,168595,0.0821,54,62,136,0.0871,155800,39,3.2158661732728038,21.7391304347826,2.6519803343824235,70.0,48.60335195530726,0.217391304347826,1.0821245186136073,1.946368715083799
260650054012,Block Group 2; Census Tract 54.01; Ingham County; Michigan,71111,643,258,0.8565891472868217,0.1434108527131783,0.4054054054054054,0.2643856920684292,194073,0.0903,74,18,144,0.1002,178000,38,2.7291558268059792,40.54054054054054,1.6786452161957477,58.88888888888889,85.65891472868216,0.40540540540540543,1.0902977528089888,2.492248062015504
260650054013,Block Group 3; Census Tract 54.01; Ingham County; Michigan,106179,951,301,0.893687707641196,0.1063122923588039,0.0,0.2502628811777077,192629,0.0075,50,15,144,0.0975,191200,37,1.8141911300728015,0.0,0.08838713911568237,72.22222222222223,89.3687707641196,0.0,1.007473849372385,3.159468438538206
260650054021,Block Group 1; Census Tract 54.02; Ingham County; Michigan,65865,1470,686,0.3848396501457726,0.6151603498542274,0.0734597156398104,0.1435374149659863,133451,0.071,69,34,124,0.094,124600,41,2.026129203674182,7.345971563981039,0.773639752720339,61.666666666666664,38.48396501457726,0.0734597156398104,1.071035313001605,2.142857142857143
260650054022,Block Group 2; Census Tract 54.02; Ingham County; Michigan,30236,702,365,0.6301369863013698,0.3698630136986301,0.5777777777777777,0.1609686609686609,144175,0.084,66,25,128,0.1015,133000,41,4.76832252943511,57.77777777777777,2.2359716102274634,63.333333333333336,63.013698630136986,0.5777777777777777,1.0840225563909776,1.9232876712328768
260650054023,Block Group 3; Census Tract 54.02; Ingham County; Michigan,43446,1189,768,0.4635416666666667,0.5364583333333334,0.2354368932038835,0.223717409587889,128523,0.0356,79,38,122,0.0954,124100,41,2.9582240022096395,23.54368932038835,0.9165791766018562,56.111111111111114,46.35416666666667,0.2354368932038835,1.0356406124093473,1.5481770833333333
260650055011,Block Group 1; Census Tract 55.01; Ingham County; Michigan,127283,1701,628,0.9681528662420382,0.0318471337579617,1.0,0.1740152851263962,283839,0.0747,69,31,174,0.1164,264100,32,2.2299835798967655,100.0,0.51063149827321,61.666666666666664,96.81528662420382,1.0,1.0747406285497918,2.7085987261146496
260650055012,Block Group 2; Census Tract 55.01; Ingham County; Michigan,92006,2027,878,0.734624145785877,0.265375854214123,0.7296137339055794,0.1396151948692648,241838,0.0574,58,43,160,0.0905,228700,35,2.6285024889681106,72.96137339055794,0.4355103028876269,67.77777777777777,73.4624145785877,0.7296137339055794,1.0574464363795366,2.3086560364464694
260650055013,Block Group 3; Census Tract 55.01; Ingham County; Michigan,54516,1126,364,0.9423076923076924,0.0576923076923076,0.0,0.3969804618117228,-702317285,0.0535,75,18,60,0.1212,-666666666,100,0.0,0.0,1.9479102196536036,58.33333333333333,94.23076923076924,0.0,1.0534759285534758,3.0934065934065935
260650055014,Block Group 4; Census Tract 55.01; Ingham County; Michigan,106701,1171,477,0.9769392033542976,0.0230607966457023,0.0,0.0649017933390264,185539,0.0429,52,23,141,0.1198,177900,38,1.7388684267251477,0.0,0.1304714545432673,71.11111111111111,97.69392033542977,0.0,1.0429398538504777,2.4549266247379453
260650055021,Block Group 1; Census Tract 55.02; Ingham County; Michigan,84036,5312,2095,0.4897374701670644,0.5102625298329355,0.0514499532273152,0.3373493975903614,211269,0.0553,69,104,150,0.1131,200200,36,2.514029701556476,5.14499532273152,1.1099660673251337,61.666666666666664,48.97374701670644,0.0514499532273152,1.0552897102897103,2.535560859188544
260650055022,Block Group 2; Census Tract 55.02; Ingham County; Michigan,96402,1394,511,0.9647749510763208,0.035225048923679,0.0,0.2338593974175036,212951,0.0589,61,25,150,0.1314,201100,36,2.208989440053111,0.0,0.7144207852477625,66.11111111111111,96.47749510763208,0.0,1.0589308801591248,2.7279843444227008
260650056001,Block Group 1; Census Tract 56; Ingham County; Michigan,85707,953,333,0.9129129129129128,0.087087087087087,0.0,0.1374606505771248,298095,0.082,66,23,179,0.1341,275500,32,3.4780706360040603,0.0,0.6575760058877476,63.333333333333336,91.29129129129127,0.0,1.0820145190562613,2.8618618618618616
260650056002,Block Group 2; Census Tract 56; Ingham County; Michigan,132578,1139,349,0.968481375358166,0.0315186246418338,0.3636363636363636,0.2677787532923616,284306,0.0624,90,17,174,0.1836,267600,32,2.1444432711309567,36.36363636363636,0.6301722082639413,50.0,96.8481375358166,0.3636363636363636,1.0624289985052318,3.2636103151862463
260650056003,Block Group 3; Census Tract 56; Ingham County; Michigan,70000,830,344,0.8255813953488372,0.1744186046511628,0.0,0.0421686746987951,245912,0.0416,73,17,161,0.169,236100,34,3.5130285714285714,0.0,0.12530120481927687,59.44444444444444,82.55813953488372,0.0,1.0415586615840746,2.4127906976744184
260650057001,Block Group 1; Census Tract 57; Ingham County; Michigan,106250,1781,643,0.9222395023328148,0.077760497667185,0.3,0.1353172375070185,267265,0.0657,63,32,169,0.2574,250800,33,2.515435294117647,30.0,0.41836905902169946,65.0,92.22395023328149,0.3,1.0656499202551835,2.769828926905132
260650057002,Block Group 2; Census Tract 57; Ingham County; Michigan,109120,1452,677,0.9025110782865584,0.0974889217134416,0.0,0.0909090909090909,302608,0.0909,71,47,180,0.2507,277400,31,2.7731671554252197,0.0,0.378649026926153,60.55555555555556,90.25110782865585,0.0,1.090872386445566,2.1447562776957163
260650057003,Block Group 3; Census Tract 57; Ingham County; Michigan,122500,1771,652,0.9739263803680982,0.0260736196319018,0.0,0.1191417278373799,297454,0.088,66,45,179,0.2118,273400,32,2.4281959183673467,0.0,0.4279376346812012,63.333333333333336,97.39263803680981,0.0,1.08798098024872,2.7162576687116564
260650058001,Block Group 1; Census Tract 58; Ingham County; Michigan,107868,1250,563,0.9733570159857904,0.0266429840142095,1.0,0.0328,252327,0.0692,79,28,164,0.2584,236000,34,2.3392201579708534,100.0,0.10521007156895465,56.111111111111114,97.33570159857904,1.0,1.0691822033898306,2.2202486678507993
260650058002,Block Group 2; Census Tract 58; Ingham County; Michigan,104766,1942,883,0.8018120045300113,0.1981879954699886,0.3828571428571428,0.0036045314109165,440712,0.0979,89,61,200,0.2831,401400,23,4.2066319225703,38.28571428571428,0.01684151466738853,50.55555555555556,80.18120045300114,0.3828571428571428,1.0979372197309416,2.1993204983012458
260650058003,Block Group 3; Census Tract 58; Ingham County; Michigan,84309,1428,713,0.5539971949509116,0.4460028050490883,0.3679245283018867,0.0665266106442576,180847,0.0514,82,35,140,0.2627,172000,38,2.1450497574398937,36.79245283018867,0.20279375790928855,54.44444444444444,55.39971949509116,0.3679245283018867,1.051436046511628,2.002805049088359
260650058004,Block Group 4; Census Tract 58; Ingham County; Michigan,57000,1220,364,0.7307692307692307,0.2692307692307692,0.3979591836734694,0.0,152669,0.0646,90,18,130,0.2868,143400,40,2.67840350877193,39.795918367346935,0.0,50.0,73.07692307692307,0.39795918367346933,1.0646373779637377,3.3516483516483517
260650059001,Block Group 1; Census Tract 59; Ingham County; Michigan,103958,1296,517,0.941972920696325,0.058027079303675,0.0,0.0632716049382715,283121,0.0843,73,36,174,0.3457,261100,33,2.7234171492333443,0.0,0.256536115368528,59.44444444444444,94.1972920696325,0.0,1.0843393335886633,2.506769825918762
260650059002,Block Group 2; Census Tract 59; Ingham County; Michigan,138158,945,308,1.0,0.0,0.0,0.0486772486772486,280066,0.0365,79,15,173,0.3334,270200,32,2.027142836462601,0.0,0.06430027854773425,56.111111111111114,100.0,0.0,1.0365136935603256,3.0681818181818183
260650059003,Block Group 3; Census Tract 59; Ingham County; Michigan,55370,1340,556,0.7985611510791367,0.2014388489208633,0.1160714285714285,0.0238805970149253,154828,0.0641,66,27,131,0.3906,145500,40,2.796243453133466,11.60714285714285,0.13822884853320497,63.333333333333336,79.85611510791367,0.1160714285714285,1.064109965635739,2.4100719424460433
260650059004,Block Group 4; Census Tract 59; Ingham County; Michigan,76582,1797,693,0.7864357864357865,0.2135642135642135,0.0,0.0734557595993322,118040,0.0229,60,34,119,0.3722,115400,42,1.541354365255543,0.0,0.10982586605368803,66.66666666666667,78.64357864357865,0.0,1.0228769497400347,2.593073593073593
260650060011,Block Group 1; Census Tract 60.01; Ingham County; Michigan,86705,1283,473,0.8435517970401691,0.1564482029598308,0.1621621621621621,0.0389711613406079,245733,0.0488,93,23,161,0.3485,234300,34,2.834127212963497,16.21621621621621,0.10967030006468287,48.33333333333333,84.35517970401692,0.16216216216216212,1.0487964148527529,2.712473572938689
260650060012,Block Group 2; Census Tract 60.01; Ingham County; Michigan,74688,816,353,0.923512747875354,0.0764872521246459,0.1111111111111111,0.0490196078431373,216319,0.0746,76,17,152,0.388,201300,36,2.8963019494430164,11.11111111111111,0.24480925617890711,57.77777777777778,92.3512747875354,0.1111111111111111,1.074610034773969,2.311614730878187
260650060013,Block Group 3; Census Tract 60.01; Ingham County; Michigan,88594,1302,449,0.933184855233853,0.066815144766147,0.0,0.0307219662058372,224692,0.0574,73,22,154,0.4066,212500,36,2.536198839650541,0.0,0.0995237183226322,59.44444444444444,93.31848552338529,0.0,1.0573741176470588,2.8997772828507795
260650060021,Block Group 1; Census Tract 60.02; Ingham County; Michigan,82344,1549,628,0.8280254777070064,0.1719745222929936,0.074074074074074,0.0361523563589412,195153,0.0331,76,31,145,0.4131,188900,37,2.3699723112795104,7.4074074074074,0.07266121365739785,57.77777777777778,82.80254777070064,0.074074074074074,1.0331021704605612,2.46656050955414
260650060022,Block Group 2; Census Tract 60.02; Ingham County; Michigan,106651,1014,414,0.8647342995169082,0.1352657004830917,0.5,0.0502958579881657,244466,0.019,89,20,161,0.481,239900,34,2.2922054176707203,50.0,0.04480132871586522,50.55555555555556,86.47342995169082,0.5,1.0190329303876615,2.449275362318841
260650060023,Block Group 3; Census Tract 60.02; Ingham County; Michigan,51691,1120,531,0.5894538606403014,0.4105461393596987,0.1376146788990825,0.0803571428571429,209296,0.0828,70,37,149,0.4642,193300,37,4.048983382020081,13.76146788990825,0.643590898664316,61.11111111111111,58.94538606403014,0.1376146788990825,1.0827521986549404,2.109227871939736
260650061001,Block Group 1; Census Tract 61; Ingham County; Michigan,94250,1167,403,0.9205955334987592,0.0794044665012407,0.0,0.1379605826906598,198690,0.0507,80,20,146,0.2782,189100,37,2.1081167108753314,0.0,0.371066394823154,55.55555555555556,92.05955334987593,0.0,1.050713907985193,2.8957816377171217
260650061002,Block Group 2; Census Tract 61; Ingham County; Michigan,101065,968,387,0.9534883720930232,0.0465116279069767,0.0,0.1115702479338842,222209,0.0834,75,27,154,0.3191,205100,36,2.1986741206154456,0.0,0.46034525689832995,58.33333333333333,95.34883720930232,0.0,1.083417844953681,2.501291989664083
260650061003,Block Group 3; Census Tract 61; Ingham County; Michigan,73571,1042,372,0.8091397849462365,0.1908602150537634,0.0,0.0652591170825336,149945,0.0515,71,18,129,0.32,142600,40,2.0380992510635982,0.0,0.2284082403223063,60.55555555555556,80.91397849462365,0.0,1.051507713884993,2.8010752688172045
260650061004,Block Group 4; Census Tract 61; Ingham County; Michigan,68083,1378,508,0.7460629921259843,0.2539370078740157,0.0852713178294573,0.0754716981132075,127975,0.0836,63,35,122,0.3081,118100,42,1.8796909654392433,8.52713178294573,0.46336339190871045,65.0,74.60629921259843,0.08527131782945731,1.0836155800169347,2.7125984251968505
260650062001,Block Group 1; Census Tract 62; Ingham County; Michigan,69643,1287,464,0.8556034482758621,0.1443965517241379,0.3582089552238806,0.0738150738150738,270493,0.0412,69,23,170,0.2303,259800,33,3.883994084114699,35.82089552238806,0.21834075507811557,61.666666666666664,85.5603448275862,0.3582089552238806,1.041158583525789,2.773706896551724
260650062002,Block Group 2; Census Tract 62; Ingham County; Michigan,105347,802,299,0.979933110367893,0.020066889632107,0.0,0.0,238695,0.0661,70,14,159,0.2637,223900,35,2.2657977920586254,0.0,0.0,61.11111111111111,97.9933110367893,0.0,1.0660786065207681,2.682274247491639
260650062003,Block Group 3; Census Tract 62; Ingham County; Michigan,90083,1396,479,0.9164926931106472,0.0835073068893528,0.0,0.075214899713467,224396,0.0501,73,23,154,0.3182,213700,36,2.49099164104215,0.0,0.20915524991644907,59.44444444444444,91.64926931106471,0.0,1.0500514740290126,2.914405010438413
260650062004,Block Group 4; Census Tract 62; Ingham County; Michigan,97083,1445,508,0.9901574803149606,0.0098425196850393,0.0,0.0415224913494809,250812,0.0718,55,25,163,0.2572,234000,34,2.5834801149531845,0.0,0.1535446411262903,69.44444444444444,99.01574803149606,0.0,1.071846153846154,2.844488188976378
260650063011,Block Group 1; Census Tract 63.01; Ingham County; Michigan,75313,485,225,0.5066666666666667,0.4933333333333333,0.0,0.0,136438,0.0212,67,11,125,0.1778,133600,41,1.811612868960206,0.0,0.0,62.77777777777778,50.66666666666667,0.0,1.02124251497006,2.1555555555555554
260650063012,Block Group 2; Census Tract 63.01; Ingham County; Michigan,70000,850,474,0.4915611814345991,0.5084388185654009,0.0414937759336099,0.0305882352941176,198637,0.0605,59,23,146,0.1931,187300,37,2.8376714285714284,4.14937759336099,0.13218487394957962,67.22222222222223,49.156118143459906,0.0414937759336099,1.0605285638013882,1.7932489451476794
260650063013,Block Group 3; Census Tract 63.01; Ingham County; Michigan,68750,1171,410,0.7585365853658537,0.2414634146341463,0.0,0.0247651579846285,-711999031,0.068,72,20,60,0.1653,-666666666,100,0.0,0.0,0.12247496312398096,60.0,75.85365853658537,0.0,1.0679985475679985,2.8560975609756096
260650063014,Block Group 4; Census Tract 63.01; Ingham County; Michigan,91705,1164,463,0.8920086393088553,0.1079913606911447,0.0,0.0601374570446735,282633,0.0673,49,23,174,0.1982,264800,32,3.0819802627991932,0.0,0.2206668589011791,72.77777777777777,89.20086393088553,0.0,1.067345166163142,2.514038876889849
260650063015,Block Group 5; Census Tract 63.01; Ingham County; Michigan,76468,1701,540,0.5611111111111111,0.4388888888888889,0.2447257383966244,0.2145796590241034,374336,0.0641,54,27,200,0.1778,351800,27,4.895328764973584,24.47257383966244,0.8993668033324416,70.0,56.111111111111114,0.24472573839662443,1.0640591245025584,3.15
260650063021,Block Group 1; Census Tract 63.02; Ingham County; Michigan,75337,2717,1174,0.9156729131175468,0.0843270868824531,0.5252525252525253,0.1302907618697092,195523,0.0679,63,58,145,0.2005,183100,38,2.595311732614784,52.52525252525253,0.5871446122724063,65.0,91.56729131175469,0.5252525252525253,1.0678481703986893,2.3143100511073254
260650063022,Block Group 2; Census Tract 63.02; Ingham County; Michigan,74097,1084,547,0.4369287020109689,0.5630712979890311,0.1785714285714285,0.1153136531365314,183915,0.057,76,27,141,0.1901,174000,38,2.482084294910725,17.85714285714285,0.4435320072865494,57.77777777777778,43.69287020109689,0.1785714285714285,1.0569827586206897,1.9817184643510055
260650064011,Block Group 1; Census Tract 64.01; Ingham County; Michigan,99271,1626,597,0.8509212730318257,0.1490787269681742,0.0,0.091020910209102,273501,0.0827,69,41,171,0.1801,252600,33,2.7550946399250535,0.0,0.3791353604926279,61.666666666666664,85.09212730318258,0.0,1.0827434679334917,2.7236180904522613
260650064012,Block Group 2; Census Tract 64.01; Ingham County; Michigan,88333,2682,1006,0.9363817097415508,0.0636182902584493,0.09375,0.0663683818046234,242492,0.0293,67,50,160,0.1844,235600,34,2.745202812086083,9.375,0.11007175047125455,62.77777777777778,93.63817097415507,0.09375,1.0292529711375211,2.6660039761431413
260650064021,Block Group 1; Census Tract 64.02; Ingham County; Michigan,96250,1559,556,0.9316546762589928,0.0683453237410072,0.1842105263157894,0.1212315586914688,260293,0.0547,81,27,166,0.2454,246800,33,2.704342857142857,18.42105263157894,0.34448655898303077,55.0,93.16546762589928,0.1842105263157894,1.0546717990275527,2.803956834532374
260650064022,Block Group 2; Census Tract 64.02; Ingham County; Michigan,80206,1447,495,0.797979797979798,0.202020202020202,0.09,0.0276434001382169,195763,0.0703,83,24,145,0.2891,182900,38,2.4407525621524573,9.0,0.12114623779496847,53.888888888888886,79.7979797979798,0.09,1.0703280481137234,2.923232323232323
260650065001,Block Group 1; Census Tract 65; Ingham County; Michigan,65313,936,472,0.8241525423728814,0.1758474576271186,0.0,0.1730769230769231,178032,0.1003,60,33,139,0.0263,161800,39,2.725827936245464,0.0,1.3289555972482805,66.66666666666667,82.41525423728814,0.0,1.1003213844252162,1.9830508474576272
260650065002,Block Group 2; Census Tract 65; Ingham County; Michigan,56204,747,374,0.5454545454545454,0.4545454545454545,0.4411764705882353,0.1405622489959839,117746,0.057,60,18,119,0.0324,111400,42,2.0949754465874313,44.11764705882353,0.7127649449123802,66.66666666666667,54.54545454545454,0.4411764705882353,1.0569658886894076,1.9973262032085561
260650065003,Block Group 3; Census Tract 65; Ingham County; Michigan,51277,753,432,0.1898148148148148,0.8101851851851852,0.0914285714285714,0.50199203187251,72925,0.0329,63,21,104,0.0191,70600,45,1.4221775844920725,9.14285714285714,1.6104235669603895,65.0,18.98148148148148,0.0914285714285714,1.0329320113314449,1.7430555555555556
260650065004,Block Group 4; Census Tract 65; Ingham County; Michigan,38241,702,378,0.2248677248677248,0.7751322751322751,0.3959044368600682,0.1424501424501424,100905,0.1004,48,26,113,0.0263,91700,44,2.638660076880835,39.59044368600682,1.8699817345250251,73.33333333333333,22.48677248677248,0.3959044368600682,1.100381679389313,1.8571428571428572
260650066001,Block Group 1; Census Tract 66; Ingham County; Michigan,37105,584,280,0.3678571428571429,0.6321428571428571,0.1016949152542373,0.4332191780821918,128836,0.071,51,14,122,0.0238,120300,42,3.472200512060369,10.16949152542373,4.1448001137091515,71.66666666666667,36.78571428571429,0.1016949152542373,1.0709559434746467,2.085714285714286
260650066002,Block Group 2; Census Tract 66; Ingham County; Michigan,39951,2405,1311,0.156369183829138,0.8436308161708619,0.1518987341772152,0.4914760914760915,101382,0.0561,46,65,113,0.011,96000,43,2.537658631823984,15.18987341772152,3.4507032028996436,74.44444444444444,15.6369183829138,0.1518987341772152,1.0560625,1.8344774980930587
260650067001,Block Group 1; Census Tract 67; Ingham County; Michigan,32778,824,618,0.0323624595469255,0.9676375404530744,0.1622073578595317,0.5,-715133872,0.0727,53,30,60,0.0032,-666666666,100,0.0,16.22073578595317,5.54487766184636,70.55555555555556,3.23624595469255,0.1622073578595317,1.0727008090727008,1.3333333333333333
260650067002,Block Group 2; Census Tract 67; Ingham County; Michigan,-666666666,1017,615,0.0471544715447154,0.9528455284552846,0.3839590443686007,0.4523107177974435,-633333332,-0.05,180,30,60,0.0081,-666666666,100,0.94999999895,38.395904436860064,0.0,0.0,4.71544715447154,0.3839590443686006,0.94999999895,1.6536585365853658
260650067003,Block Group 3; Census Tract 67; Ingham County; Michigan,102837,1411,523,0.7743785850860421,0.2256214149139579,0.0,0.3586109142452162,141996,0.0881,55,36,127,0.0174,130500,41,1.3807870708013652,0.0,1.5361018672755695,69.44444444444444,77.43785850860421,0.0,1.0880919540229885,2.6978967495219885
260650067004,Block Group 4; Census Tract 67; Ingham County; Michigan,58854,1485,581,0.6523235800344234,0.3476764199655766,0.2673267326732673,0.6181818181818182,198287,0.0812,75,40,146,0.0219,183400,38,3.3691337886974546,26.732673267326728,4.2644819074628435,58.33333333333333,65.23235800344234,0.2673267326732673,1.0811723009814613,2.5559380378657486
260650068001,Block Group 1; Census Tract 68; Ingham County; Michigan,48158,1143,496,0.7379032258064516,0.2620967741935484,0.1,0.4313210848643919,77337,0.0712,71,24,105,0.0278,72200,45,1.6059014078657752,10.0,3.1884693345181176,60.55555555555556,73.79032258064517,0.1,1.0711495844875347,2.3044354838709675
260650068002,Block Group 2; Census Tract 68; Ingham County; Michigan,52928,593,297,0.4915824915824915,0.5084175084175084,0.2980132450331126,0.2445193929173693,66768,0.1128,61,20,102,0.0202,60000,46,1.2614873035066505,29.80132450331126,2.6055951028830915,66.11111111111111,49.15824915824915,0.2980132450331126,1.1128,1.9966329966329965
260650068003,Block Group 3; Census Tract 68; Ingham County; Michigan,62169,1042,459,0.6579520697167756,0.3420479302832244,0.2292993630573248,0.6794625719769674,63698,0.0742,61,22,101,0.018,59300,46,1.0245942511541122,22.92993630573248,4.054763856640044,66.11111111111111,65.79520697167756,0.2292993630573248,1.0741652613827992,2.270152505446623
260650068004,Block Group 4; Census Tract 68; Ingham County; Michigan,39258,857,235,0.6127659574468085,0.3872340425531915,0.4175824175824176,0.705950991831972,72348,0.1079,66,16,104,0.0147,65300,45,1.8428855265168882,41.75824175824176,9.70147638935628,63.333333333333336,61.27659574468085,0.4175824175824176,1.1079326186830016,3.646808510638298
260650070001,Block Group 1; Census Tract 70; Ingham County; Michigan,71607,827,525,0.5314285714285715,0.4685714285714286,0.0,0.3506650544135429,126971,0.0769,54,26,122,0.0249,117900,42,1.7731646347424135,0.0,1.8829264376668098,70.0,53.142857142857146,0.0,1.0769380831212891,1.5752380952380953
260650070002,Block Group 2; Census Tract 70; Ingham County; Michigan,36403,530,185,0.9351351351351352,0.0648648648648648,1.0,0.2509433962264151,74101,0.0408,63,9,104,0.0217,71200,45,2.035573991154575,100.0,1.4062701653761691,65.0,93.51351351351353,1.0,1.040744382022472,2.864864864864865
260650070003,Block Group 3; Census Tract 70; Ingham County; Michigan,84688,1575,601,0.9767054908485856,0.0232945091514143,0.0,0.1536507936507937,115735,0.0569,52,30,118,0.0186,109500,42,1.3666044776119404,0.0,0.5161729028156387,71.11111111111111,97.67054908485856,0.0,1.0569406392694063,2.6206322795341097
260650070004,Block Group 4; Census Tract 70; Ingham County; Michigan,58375,918,432,0.4699074074074074,0.5300925925925926,0.0,0.4564270152505446,150620,0.101,47,30,130,0.0331,136800,41,2.5802141327623125,0.0,3.948533493816275,73.88888888888889,46.99074074074074,0.0,1.1010233918128656,2.125
260650070005,Block Group 5; Census Tract 70; Ingham County; Michigan,49716,944,491,0.8024439918533605,0.1975560081466395,0.1443298969072164,0.3008474576271186,124606,0.0883,52,34,121,0.0291,114500,42,2.5063561026631267,14.432989690721639,2.6716580686775453,71.11111111111111,80.24439918533605,0.1443298969072164,1.0882620087336246,1.9226069246435846
260650070006,Block Group 6; Census Tract 70; Ingham County; Michigan,68290,1183,331,0.716012084592145,0.283987915407855,0.425531914893617,0.3846153846153846,153915,0.0652,62,16,131,0.0254,144500,40,2.2538439010103968,42.5531914893617,1.836061141962445,65.55555555555556,71.6012084592145,0.425531914893617,1.0651557093425605,3.5740181268882174
260659800001,Block Group 1; Census Tract 9800; Ingham County; Michigan,-666666666,815,0,0.0,0.0,0.0,0.2294478527607362,-633333332,-0.05,180,2,60,0.0801,-666666666,100,0.94999999895,0.0,0.0,0.0,0.0,0.0,0.94999999895,8.0
260659801001,Block Group 1; Census Tract 9801; Ingham County; Michigan,-666666666,24,8,1.0,0.0,0.0,0.8333333333333334,-633333332,-0.05,180,2,60,0.0398,-666666666,100,0.94999999895,0.0,0.0,0.0,100.0,0.0,0.94999999895,3.0
260659802001,Block Group 1; Census Tract 9802; Ingham County; Michigan,-666666666,0,0,0.0,0.0,0.0,0.0,-633333332,-0.05,180,2,60,0.0198,-666666666,100,0.94999999895,0.0,-0.0,0.0,0.0,0.0,0.94999999895,2.5
260659803001,Block Group 1; Census Tract 9803; Ingham County; Michigan,-666666666,0,0,0.0,0.0,0.0,0.0,-633333332,-0.05,180,2,60,0.3207,-666666666,100,0.94999999895,0.0,-0.0,0.0,0.0,0.0,0.94999999895,2.5
